owner_1_score,RATE_owner_1,CAP_AMOUNT_owner_1,PERCENT_OWN_owner_1,years_in_business,RATE_ID_FOR_years_in_business,fsr,location,judgement_lien_percent,RATE_ID_FOR_judgement_lien_percent,INPUT_VALUE_ID_FOR_judgement_lien_amount,RATE_ID_FOR_judgement_lien_amount,RATE_ID_FOR_num_negative_days,INPUT_VALUE_ID_FOR_num_deposits,RATE_ID_FOR_num_deposits,INPUT_VALUE_ID_FOR_monthly_gross,RATE_ID_FOR_monthly_gross,INPUT_VALUE_ID_FOR_average_ledger,RATE_ID_FOR_average_ledger,INPUT_VALUE_ID_FOR_fc_margin,RATE_ID_FOR_fc_margin,INPUT_VALUE_ID_FOR_tax_lien_amount,RATE_ID_FOR_tax_lien_amount,INPUT_VALUE_ID_FOR_tax_lien_percent,RATE_ID_FOR_tax_lien_percent,INPUT_VALUE_ID_FOR_tax_lien_count,RATE_ID_FOR_tax_lien_count,INPUT_VALUE_ID_FOR_current_position,RATE_ID_FOR_current_position,INPUT_VALUE_ID_FOR_avg_net_deposits,INPUT_VALUE_ID_FOR_industry_type,INPUT_VALUE_owner_4,RATE_owner_4,CAP_AMOUNT_owner_4,PERCENT_OWN_owner_4,deal_application_thread_id,completion_status
648.8518518518518,0,116301.11524163569,100.0,14.24,0,40.61785714285714,3,0.0,0,0.0,0,0,89.33333333,0,79410.25667,0,7787.976667,0,0.1,0,0.0,0,0.0,0,0.0,0,0.0,0,79410.25667,2,0.0,0,115252.91828793775,0.0,287,Paid off with renewal
620.0,1,100000.0,100.0,2.15,0,29.0,1,0.0,0,0.0,0,0,70.0,0,86020.5,0,25650.25,0,0.3,0,0.0,0,0.0,0,0.0,0,0.0,0,86020.5,2,620.0,1,100000.0,100.0,7460,Paid via discounted payoff
707.0,0,150000.0,100.0,25.42,0,87.0,3,0.0,0,0.0,0,0,22.66666667,0,47680.83,0,13761.89,0,0.29,0,0.0,0,0.0,0,0.0,0,3.0,2,47680.83,2,707.0,0,150000.0,100.0,7541,Paid off with renewal
561.0,2,35000.0,100.0,1.73,1,1.0,3,0.0,0,0.0,0,0,73.5,0,262169.8333,0,15578.16667,0,0.06,0,0.0,0,0.0,0,0.0,0,2.0,1,262169.8333,2,561.0,2,35000.0,100.0,7256,Default
541.0,2,35000.0,100.0,2.91,0,54.0,3,0.0,0,0.0,0,0,0.0,3,0.0,1,0.0,1,0.0,1,0.0,0,0.0,0,0.0,0,0.0,0,0.0,2,541.0,2,35000.0,100.0,3324,Default
634.0,1,100000.0,100.0,35.16,0,15.0,1,0.0,0,0.0,0,0,0.0,2,0.0,1,0.0,1,0.0,1,0.0,0,0.0,0,0.0,0,0.0,0,0.0,2,634.0,1,100000.0,100.0,8040,Paid off with renewal
688.0,0,150000.0,100.0,11.82,0,56.0,3,4.154,1,7666.666667,0,0,83.66666667,0,184539.93,0,27124.04,0,0.15,0,7666.666667,0,0.346,0,2.0,1,2.0,1,184539.93,2,688.0,0,150000.0,100.0,3521,Default
663.0,0,150000.0,100.0,25.08,0,40.61785714285714,1,0.0,0,0.0,0,0,77.0,0,99116.16,0,1177.0,0,0.01,0,0.0,0,0.0,0,0.0,0,0.0,0,99116.16,2,663.0,0,150000.0,100.0,6411,Paid off with renewal
620.0,1,100000.0,100.0,4.42,0,40.61785714285714,1,0.0,0,0.0,0,0,0.0,2,0.0,1,0.0,1,0.0,1,0.0,0,0.0,0,0.0,0,0.0,0,0.0,2,620.0,1,100000.0,100.0,7460,Paid via discounted payoff
566.0,1,100000.0,100.0,2.0,0,10.0,1,0.0,0,0.0,0,0,0.0,3,0.0,1,0.0,1,0.0,1,0.0,0,0.0,0,0.0,0,0.0,0,0.0,2,566.0,1,100000.0,100.0,3997,Default
561.0,1,100000.0,100.0,16.88,0,40.61785714285714,3,0.0,0,0.0,0,0,39.66666667,0,18937.5,0,6299.133333,0,0.33,0,0.0,0,0.0,0,0.0,0,0.0,0,18937.5,2,561.0,1,100000.0,100.0,4654,Paid in full
604.0,0,150000.0,91.4728624535316,9.005947955390337,0,6.0,1,0.0,0,0.0,0,0,16.33333333,0,26921.33333,0,3483.176667,0,0.13,0,0.0,0,0.0,0,0.0,0,0.0,0,26921.33333,2,0.0,0,115252.91828793775,0.0,1904,Paid in full
600.0,0,150000.0,100.0,20.32,0,42.0,3,0.0,0,0.0,0,0,0.0,3,0.0,1,0.0,1,0.0,1,0.0,0,0.0,0,0.0,0,0.0,0,0.0,2,600.0,0,150000.0,100.0,4532,Paid in full
640.0,0,150000.0,100.0,2.31,0,43.0,3,0.0,0,0.0,0,0,20.0,0,52814.5,0,3015.75,0,0.06,0,0.0,0,0.0,0,0.0,0,1.0,0,52814.5,2,640.0,0,150000.0,100.0,5368,Paid off with renewal
545.0,2,35000.0,100.0,1.81,1,1.0,3,0.0,0,0.0,0,0,10.57142857,2,17182.14286,0,4003.601429,0,0.23,0,0.0,0,0.0,0,0.0,0,1.0,0,17182.14286,2,545.0,2,35000.0,100.0,8003,Default
611.0,0,150000.0,100.0,32.18,0,40.61785714285714,1,0.0,0,0.0,0,0,0.0,3,0.0,1,0.0,1,0.0,1,0.0,0,0.0,0,0.0,0,0.0,0,0.0,2,611.0,0,150000.0,100.0,4622,Paid off with renewal
632.0,0,150000.0,50.0,8.47,0,31.0,1,0.0,0,0.0,0,0,6.75,3,33005.0975,0,6198.4175,0,0.19,0,0.0,0,0.0,0,0.0,0,0.0,0,33005.0975,2,650.0,0,150000.0,95.63257575757575,203,Paid in full
537.0,2,35000.0,100.0,10.02,0,17.0,3,0.0,0,0.0,0,0,32.6,0,108504.4,0,12460.4,0,0.11,0,0.0,0,0.0,0,0.0,0,1.0,0,108504.4,3,537.0,2,35000.0,100.0,4122,Default
658.0,0,150000.0,100.0,20.47,0,99.0,3,0.0,0,0.0,0,0,0.0,3,0.0,1,0.0,1,0.0,1,0.0,0,0.0,0,0.0,0,0.0,0,0.0,2,658.0,0,150000.0,100.0,4114,Paid in full
620.0,1,100000.0,100.0,2.15,0,40.61785714285714,1,0.0,0,0.0,0,0,23.33333333,0,0.0,1,8550.083333,0,0.0,1,0.0,0,0.0,0,0.0,0,0.0,0,0.0,2,620.0,1,100000.0,100.0,7460,Paid via discounted payoff
650.0,0,150000.0,100.0,2.91,0,40.0,3,0.0,0,0.0,0,2,8.0,3,36531.96,0,4337.5625,0,0.12,0,0.0,0,0.0,0,0.0,0,0.0,0,36531.96,2,650.0,0,150000.0,100.0,3286,Paid in full
602.0,0,150000.0,100.0,5.64,0,29.0,3,0.0,0,0.0,0,0,24.66666667,0,15947.66667,0,3111.666667,0,0.2,0,0.0,0,0.0,0,0.0,0,0.0,0,15947.66667,2,602.0,0,150000.0,100.0,5972,Paid off with renewal
640.0,0,150000.0,91.4728624535316,9.005947955390337,0,40.61785714285714,1,0.0,0,0.0,0,0,10.66666667,3,53213.33333,0,9476.22,0,0.18,0,0.0,0,0.0,0,0.0,0,0.0,0,53213.33333,2,0.0,0,115252.91828793775,0.0,1843,Default
640.0,0,150000.0,100.0,2.31,0,43.0,3,0.0,0,0.0,0,0,20.0,0,52814.5,0,3015.75,0,0.06,0,0.0,0,0.0,0,0.0,0,1.0,0,52814.5,2,640.0,0,150000.0,100.0,5368,Paid off with renewal
620.0,0,150000.0,0.0,8.13,0,40.61785714285714,1,0.0,0,0.0,0,0,73.25,0,0.0,1,27761.0,0,0.0,1,0.0,0,0.0,0,0.0,0,2.0,1,130551.27,2,647.2808988764045,0,115252.91828793775,95.63257575757575,153,Paid off with renewal
744.0,0,150000.0,90.0,4.2,0,47.0,3,0.0,0,0.0,0,0,125.0,0,102433.25,0,12222.5,0,0.12,0,0.0,0,0.0,0,0.0,0,1.0,0,102433.25,1,750.0,0,150000.0,100.0,811,Paid in full
497.0,3,0.0,100.0,1.43,1,40.61785714285714,1,0.0,0,0.0,0,3,42.75,0,19487.75,0,1093.75,0,0.06,0,0.0,0,0.0,0,0.0,0,1.0,0,19487.75,2,497.0,3,0.0,100.0,3700,Default
672.0,0,150000.0,100.0,2.38,0,37.0,3,0.0,0,0.0,0,0,6.857142857,3,145602.4286,0,39317.0,0,0.27,0,0.0,0,0.0,0,0.0,0,2.0,1,145602.4286,2,672.0,0,150000.0,100.0,5598,Paid off with renewal
534.0,2,35000.0,50.0,2.82,0,40.61785714285714,1,0.0,0,0.0,0,0,0.0,3,0.0,1,0.0,1,0.0,1,0.0,0,0.0,0,0.0,0,0.0,0,0.0,2,534.0,2,35000.0,50.0,1700,Default
648.8518518518518,0,116301.11524163569,50.0,6.78,0,40.61785714285714,3,0.0,0,0.0,0,0,6.2,3,79533.2,0,45241.0,0,0.57,0,0.0,0,0.0,0,0.0,0,1.0,0,79533.2,2,0.0,0,115252.91828793775,0.0,737,Default
593.0,1,100000.0,100.0,14.16,0,6.0,1,0.0,0,0.0,0,2,59.5,0,16674.25,0,5000.0,0,0.3,0,0.0,0,0.0,0,0.0,0,0.0,0,16674.25,2,593.0,1,100000.0,100.0,8128,Default
570.0,1,100000.0,33.3,2.19,0,2.0,3,0.0,0,0.0,0,2,34.0,0,34668.5,0,1113.0,0,0.03,0,0.0,0,0.0,0,0.0,0,1.0,0,34668.5,2,618.0,0,150000.0,99.9,2453,Paid in full
694.0,0,150000.0,100.0,2.79,0,6.0,3,0.0,0,0.0,0,0,49.5,0,33207.75,0,2450.0,0,0.07,0,0.0,0,0.0,0,0.0,0,1.0,0,33207.75,2,694.0,0,150000.0,100.0,5313,Paid in full
650.0,0,150000.0,100.0,10.26,0,27.0,3,0.0,0,0.0,0,0,81.2,0,68463.6,0,2969.4,0,0.04,0,0.0,0,0.0,0,0.0,0,1.0,0,68463.6,2,650.0,0,150000.0,100.0,5871,Paid in full
606.0,0,150000.0,100.0,9.42,0,79.0,3,0.0,0,0.0,0,0,66.75,0,54014.945,0,856.61,1,0.02,0,0.0,0,0.0,0,0.0,0,0.0,0,54014.945,2,606.0,0,150000.0,100.0,4615,Default
566.0,1,100000.0,100.0,1.99,1,10.0,1,0.0,0,0.0,0,3,45.66666667,0,133851.6667,0,6227.333333,0,0.05,0,0.0,0,0.0,0,0.0,0,0.0,0,133851.6667,2,566.0,1,100000.0,100.0,3997,Default
479.0,3,0.0,50.0,3.58,0,40.61785714285714,1,0.0,0,0.0,0,0,0.0,3,0.0,1,0.0,1,0.0,1,0.0,0,0.0,0,0.0,0,0.0,0,0.0,2,479.0,3,0.0,50.0,5028,Paid in full
568.0,1,100000.0,100.0,3.29,0,40.61785714285714,1,0.0,0,0.0,0,0,0.0,3,0.0,1,0.0,1,0.0,1,0.0,0,0.0,0,0.0,0,0.0,0,0.0,2,568.0,1,100000.0,100.0,5521,Paid in full
736.0,0,150000.0,100.0,20.81,0,99.0,3,0.0,0,0.0,0,0,0.0,3,0.0,1,0.0,1,0.0,1,0.0,0,0.0,0,0.0,0,0.0,0,0.0,2,736.0,0,150000.0,100.0,1053,Default
562.0,1,100000.0,100.0,1.69,1,33.0,1,0.0,0,0.0,0,0,16.25,0,25317.75,0,3112.5,0,0.12,0,0.0,0,0.0,0,0.0,0,0.0,0,25317.75,2,562.0,1,100000.0,100.0,703,Paid in full
602.0,0,150000.0,100.0,5.39,0,2.0,3,0.0,0,0.0,0,0,32.5,0,40252.0,0,1032.5,0,0.03,0,0.0,0,0.0,0,0.0,0,2.0,1,40252.0,2,602.0,0,150000.0,100.0,1392,Default
661.0,0,150000.0,100.0,8.1,0,76.0,3,0.0,0,0.0,0,0,53.5,0,50127.5,0,22493.6475,0,0.45,0,0.0,0,0.0,0,0.0,0,0.0,0,50127.5,2,661.0,0,150000.0,100.0,2033,Paid off with renewal
747.0,0,150000.0,100.0,14.88,0,18.0,3,0.0,0,0.0,0,0,20.0,0,269757.6667,0,30000.0,0,0.11,0,0.0,0,0.0,0,0.0,0,1.0,0,269757.6667,2,747.0,0,150000.0,100.0,5366,Paid in full
610.0,0,150000.0,100.0,3.58,0,76.0,3,0.0,0,0.0,0,0,50.0,0,436135.1933,0,59283.23,0,0.14,0,0.0,0,0.0,0,0.0,0,1.0,0,436135.1933,2,610.0,0,150000.0,100.0,4729,Paid in full
632.0,0,150000.0,50.0,1.09,1,20.0,1,0.0,0,0.0,0,1,30.2,0,32293.2,0,2444.2,0,0.08,0,0.0,0,0.0,0,0.0,0,1.0,0,32293.2,2,632.0,0,150000.0,50.0,831,Paid in full
762.0,0,150000.0,100.0,3.74,0,47.0,1,0.0,0,0.0,0,0,13.25,0,90001.25,0,13085.5,0,0.15,0,0.0,0,0.0,0,0.0,0,1.0,0,90001.25,2,762.0,0,150000.0,100.0,5297,Paid in full
672.0,0,150000.0,100.0,2.2,0,37.0,1,0.0,0,0.0,0,0,0.0,3,0.0,1,0.0,1,0.0,1,0.0,0,0.0,0,0.0,0,0.0,0,0.0,2,672.0,0,150000.0,100.0,5598,Paid off with renewal
576.0,1,100000.0,100.0,2.08,0,40.61785714285714,1,0.0,0,0.0,0,0,30.0,0,13296.75,0,893.5,1,0.07,0,0.0,0,0.0,0,0.0,0,0.0,0,13296.75,2,576.0,1,100000.0,100.0,3334,Paid in full
612.0,0,150000.0,100.0,16.59,0,5.0,1,0.0,0,0.0,0,0,5.25,3,9711.99,1,1198.75,0,0.12,0,0.0,0,0.0,0,0.0,0,0.0,0,9711.99,2,612.0,0,150000.0,100.0,4782,Default
652.0,0,150000.0,100.0,4.71,0,40.61785714285714,1,0.0,0,0.0,0,2,10.0,3,990199.79,0,28797.065,0,0.03,0,0.0,0,0.0,0,0.0,0,1.0,0,990199.79,2,652.0,0,150000.0,95.63257575757575,201,Default
627.0,0,150000.0,100.0,17.21,0,5.0,3,0.0,0,0.0,0,3,22.8,0,111694.8,0,10635.0,0,0.1,0,0.0,0,0.0,0,0.0,0,1.0,0,111694.8,2,627.0,0,150000.0,100.0,836,Default
717.0,0,150000.0,100.0,6.17,0,34.0,3,0.0,0,0.0,0,0,90.5,0,142502.75,0,45589.75,0,0.32,0,0.0,0,0.0,0,0.0,0,1.0,0,142502.75,2,717.0,0,150000.0,100.0,3155,Paid in full
667.0,0,150000.0,100.0,8.79,0,40.61785714285714,1,0.0,0,0.0,0,0,0.0,3,0.0,1,0.0,1,0.0,1,0.0,0,0.0,0,0.0,0,0.0,0,0.0,2,667.0,0,150000.0,100.0,4638,Paid in full
586.0,1,100000.0,100.0,4.11,0,4.0,3,0.0,0,0.0,0,0,3.375,3,91426.375,0,39805.625,0,0.44,0,0.0,0,0.0,0,0.0,0,1.0,0,91426.375,1,586.0,1,100000.0,100.0,324,Paid in full
549.0,2,35000.0,100.0,8.67,0,23.0,3,0.0,0,0.0,0,1,30.0,0,37469.66667,0,6512.0,0,0.17,0,0.0,0,0.0,0,0.0,0,1.0,0,37469.66667,2,549.0,2,35000.0,100.0,1694,Default
595.0,1,100000.0,100.0,1.82,1,6.0,3,0.0,0,0.0,0,2,51.33333333,0,21287.33333,0,3424.0,0,0.16,0,0.0,0,0.0,0,0.0,0,1.0,0,21287.33333,2,595.0,1,100000.0,100.0,3561,Paid in full
630.0,0,150000.0,100.0,8.19,0,6.0,3,0.0,0,0.0,0,0,27.33333333,0,232816.3333,0,33344.66667,0,0.14,0,0.0,0,0.0,0,0.0,0,2.0,1,232816.3333,2,630.0,0,150000.0,100.0,3557,Default
621.0,0,150000.0,50.0,2.79,0,9.0,3,0.0,0,0.0,0,0,38.0,0,59772.33333,0,4804.666667,0,0.08,0,0.0,0,0.0,0,0.0,0,1.0,0,59772.33333,2,621.0,0,150000.0,50.0,3891,Paid in full
600.0,0,150000.0,51.0,4.81,0,40.61785714285714,1,0.0,0,0.0,0,0,0.0,3,58165.0,0,2500.0,0,0.04,0,0.0,0,0.0,0,0.0,0,1.0,0,58165.0,2,623.0,0,150000.0,100.0,4443,Default
570.0,1,100000.0,33.3,2.22,0,2.0,3,0.0,0,0.0,0,1,13.6,0,27707.4,0,1165.2,0,0.04,0,0.0,0,0.0,0,0.0,0,1.0,0,27707.4,2,618.0,0,150000.0,99.9,2453,Paid in full
738.0,0,150000.0,100.0,3.27,0,40.61785714285714,1,0.0,0,0.0,0,0,0.0,3,0.0,1,0.0,1,0.0,1,0.0,0,0.0,0,0.0,0,0.0,0,0.0,2,738.0,0,150000.0,100.0,5033,Paid in full
652.0,0,150000.0,100.0,31.43,0,40.61785714285714,1,0.0,0,0.0,0,0,0.0,3,0.0,1,0.0,1,0.0,1,0.0,0,0.0,0,0.0,0,0.0,0,0.0,2,652.0,0,150000.0,100.0,6367,Paid in full
549.0,2,35000.0,100.0,1.94,1,18.0,3,0.0,0,0.0,0,1,17.75,1,15191.175,0,1295.0,0,0.09,0,0.0,0,0.0,0,0.0,0,1.0,0,15191.175,2,549.0,2,35000.0,100.0,6536,Default
467.0,3,0.0,100.0,8.86,0,41.0,1,8.194,2,2500.0,0,0,28.0,0,30510.97,0,4235.0,0,0.14,0,2500.0,0,0.683,0,1.0,0,0.0,0,30510.97,2,467.0,3,0.0,100.0,1707,Paid off with renewal
613.0,0,150000.0,100.0,6.89,0,40.61785714285714,1,0.0,0,0.0,0,2,33.25,0,50514.1175,0,5013.8075,0,0.1,0,0.0,0,0.0,0,0.0,0,1.0,0,50514.1175,2,613.0,0,150000.0,100.0,4439,Paid in full
666.0,0,150000.0,100.0,3.78,0,28.0,3,0.0,0,0.0,0,0,14.5,0,65731.5,0,42818.75,0,0.65,0,0.0,0,0.0,0,0.0,0,2.0,1,65731.5,2,666.0,0,150000.0,100.0,649,Paid off with renewal
614.0,0,150000.0,100.0,24.04,0,40.61785714285714,1,0.0,0,0.0,0,0,0.0,3,0.0,1,0.0,1,0.0,1,0.0,0,0.0,0,0.0,0,0.0,0,0.0,2,614.0,0,150000.0,100.0,5326,Paid off with renewal
713.0,0,150000.0,100.0,21.64,0,80.0,3,0.0,0,0.0,0,0,10.5,3,164320.45,0,48517.7075,0,0.3,0,0.0,0,0.0,0,0.0,0,2.0,1,164320.45,2,713.0,0,150000.0,100.0,5603,Paid off with renewal
576.0,1,100000.0,100.0,0.56,2,80.0,1,0.0,0,0.0,0,0,61.0,0,39307.33333,0,5976.333333,0,0.15,0,0.0,0,0.0,0,0.0,0,1.0,0,39307.33333,2,576.0,1,100000.0,100.0,8181,Default
599.0,1,100000.0,100.0,10.59,0,6.0,3,0.0,0,0.0,0,2,9.5,3,21274.91667,0,2580.5,0,0.12,0,0.0,0,0.0,0,0.0,0,0.0,0,21274.91667,3,599.0,1,100000.0,100.0,5017,Paid in full
696.0,0,150000.0,25.0,1.33,1,12.0,3,0.0,0,0.0,0,0,0.0,3,0.0,1,0.0,1,0.0,1,0.0,0,0.0,0,0.0,0,0.0,0,0.0,2,696.0,0,150000.0,50.0,4769,Paid in full
445.0,3,0.0,100.0,26.95,0,40.61785714285714,1,0.0,0,0.0,0,0,0.0,3,0.0,1,0.0,1,0.0,1,0.0,0,0.0,0,0.0,0,0.0,0,0.0,2,445.0,3,0.0,100.0,3630,Paid off with renewal
666.0,0,150000.0,91.4728624535316,9.005947955390337,0,28.0,3,0.0,0,0.0,0,0,14.5,0,65731.5,0,42818.75,0,0.65,0,0.0,0,0.0,0,0.0,0,2.0,1,65731.5,2,0.0,0,115252.91828793775,0.0,2211,Default
595.0,1,100000.0,100.0,5.7,0,24.0,1,0.0,0,0.0,0,0,0.0,3,0.0,1,0.0,1,0.0,1,0.0,0,0.0,0,0.0,0,0.0,0,0.0,2,595.0,1,100000.0,100.0,1371,Paid off with renewal
692.0,0,150000.0,100.0,41.96,0,19.0,1,0.0,0,0.0,0,0,73.5,0,568173.75,0,64773.25,0,0.11,0,0.0,0,0.0,0,0.0,0,1.0,0,568173.75,1,692.0,0,150000.0,100.0,6485,Default
712.0,0,150000.0,100.0,28.91,0,40.61785714285714,1,0.0,0,0.0,0,0,50.0,0,45533.6725,0,5000.0,0,0.11,0,0.0,0,0.0,0,0.0,0,2.0,1,45533.6725,2,712.0,0,150000.0,100.0,4431,Paid off with renewal
613.0,0,150000.0,100.0,6.89,0,40.61785714285714,1,0.0,0,0.0,0,0,0.0,3,0.0,1,0.0,1,0.0,1,0.0,0,0.0,0,0.0,0,0.0,0,0.0,2,613.0,0,150000.0,100.0,4439,Paid in full
674.0,0,150000.0,100.0,0.71,2,53.0,3,0.0,0,0.0,0,0,201.0,0,113396.4,0,5479.4,0,0.05,0,0.0,0,0.0,0,0.0,0,1.0,0,113396.4,2,674.0,0,150000.0,100.0,1807,Paid off with renewal
568.0,1,100000.0,100.0,3.42,0,86.0,3,0.0,0,0.0,0,0,19.71428571,0,86904.42857,0,19131.85714,0,0.22,0,0.0,0,0.0,0,0.0,0,3.0,2,86904.42857,2,568.0,1,100000.0,100.0,5521,Paid in full
659.0,0,150000.0,100.0,1.12,1,19.0,1,0.0,0,0.0,0,0,0.0,3,0.0,1,0.0,1,0.0,1,0.0,0,0.0,0,0.0,0,0.0,0,0.0,2,659.0,0,150000.0,100.0,4171,Default
829.0,0,150000.0,100.0,1.43,1,47.0,2,0.0,0,0.0,0,0,0.0,2,0.0,1,0.0,1,0.0,1,0.0,0,0.0,0,0.0,0,0.0,0,0.0,2,829.0,0,150000.0,100.0,7064,Paid in full
594.0,1,100000.0,100.0,31.23,0,6.0,3,0.0,0,0.0,0,0,23.0,0,79738.24667,0,3652.333333,0,0.05,0,0.0,0,0.0,0,0.0,0,0.0,0,79738.24667,2,594.0,1,100000.0,100.0,4245,Default
508.0,2,35000.0,45.0,7.39,0,28.0,2,8.031,2,3846.833333,0,0,13.5,1,47898.75,0,17207.7375,0,0.36,0,0.0,0,0.0,0,0.0,0,0.0,0,47898.75,2,0.0,0,115252.91828793775,89.0,8965,Paid in full
696.0,0,150000.0,50.0,3.85,0,40.61785714285714,3,0.0,0,0.0,0,0,2.5,3,309294.75,0,557187.5,0,1.8,0,0.0,0,0.0,0,0.0,0,0.0,0,309294.75,2,688.0,0,150000.0,100.0,6518,Default
574.0,1,100000.0,100.0,14.9,0,80.0,1,0.0,0,0.0,0,0,18.0,0,55117.0,0,5851.4,0,0.11,0,0.0,0,0.0,0,0.0,0,2.0,1,55117.0,2,574.0,1,100000.0,100.0,4803,Default
691.0,0,150000.0,100.0,3.37,0,40.61785714285714,1,0.0,0,0.0,0,0,0.0,3,0.0,1,0.0,1,0.0,1,0.0,0,0.0,0,0.0,0,0.0,0,0.0,2,691.0,0,150000.0,100.0,6407,Paid in full
639.0,0,150000.0,100.0,12.27,0,5.0,3,0.0,0,0.0,0,0,0.0,3,0.0,1,0.0,1,0.0,1,0.0,0,0.0,0,0.0,0,0.0,0,0.0,2,639.0,0,150000.0,100.0,3822,Paid in full
611.0,0,150000.0,100.0,32.18,0,40.61785714285714,3,0.0,0,0.0,0,0,21.5,0,11771.8,1,2742.25,0,0.23,0,0.0,0,0.0,0,0.0,0,0.0,0,11771.8,2,611.0,0,150000.0,100.0,4622,Paid off with renewal
663.0,0,150000.0,100.0,25.08,0,40.61785714285714,3,0.0,0,0.0,0,0,77.0,0,99116.16,0,1177.0,0,0.01,0,0.0,0,0.0,0,0.0,0,0.0,0,99116.16,2,663.0,0,150000.0,100.0,6411,Paid off with renewal
566.0,1,100000.0,100.0,2.0,0,40.61785714285714,1,0.0,0,0.0,0,0,0.0,3,0.0,1,0.0,1,0.0,1,0.0,0,0.0,0,0.0,0,0.0,0,0.0,2,566.0,1,100000.0,100.0,3997,Default
582.0,1,100000.0,100.0,8.72,0,7.0,1,0.0,0,0.0,0,0,0.0,3,0.0,1,0.0,1,0.0,1,0.0,0,0.0,0,0.0,0,0.0,0,0.0,2,582.0,1,100000.0,100.0,4699,Paid in full
561.0,1,100000.0,100.0,16.88,0,40.61785714285714,1,0.0,0,0.0,0,0,39.66666667,0,18937.5,0,6299.133333,0,0.33,0,0.0,0,0.0,0,0.0,0,0.0,0,18937.5,2,561.0,1,100000.0,100.0,4654,Paid in full
738.0,0,150000.0,100.0,32.54,0,31.0,3,0.0,0,0.0,0,0,7.25,3,218328.75,0,59458.0,0,0.27,0,0.0,0,0.0,0,0.0,0,0.0,0,218328.75,1,738.0,0,150000.0,100.0,3505,Default
561.0,1,100000.0,50.0,5.87,0,74.0,2,0.0,0,0.0,0,0,64.0,0,23972.0,0,1325.333333,0,0.06,0,0.0,0,0.0,0,0.0,0,1.0,0,23972.0,2,4781.0,4,115252.91828793775,100.0,5641,Paid off with renewal
580.0,1,100000.0,100.0,3.67,0,12.0,3,0.0,0,0.0,0,0,37.0,0,31002.25,0,3070.27,0,0.1,0,0.0,0,0.0,0,0.0,0,1.0,0,31002.25,2,580.0,1,100000.0,100.0,4107,Paid off with renewal
623.0,1,100000.0,100.0,11.2,0,78.0,3,0.0,0,0.0,0,0,17.66666667,1,43544.58333,0,21669.73,0,0.5,0,0.0,0,0.0,0,0.0,0,1.0,0,43544.58333,2,623.0,1,100000.0,100.0,7294,Paid off with renewal
698.0,0,150000.0,100.0,2.28,0,33.0,2,0.0,0,0.0,0,0,0.0,2,0.0,1,0.0,1,0.0,1,0.0,0,0.0,0,0.0,0,0.0,0,0.0,2,698.0,0,150000.0,100.0,8449,Default
432.0,3,0.0,100.0,3.06,0,40.61785714285714,1,0.0,0,0.0,0,0,0.0,3,0.0,1,0.0,1,0.0,1,0.0,0,0.0,0,0.0,0,0.0,0,0.0,2,432.0,3,0.0,100.0,2828,Paid off with renewal
655.0,0,150000.0,100.0,3.64,0,69.0,3,0.0,0,0.0,0,0,0.0,3,0.0,1,0.0,1,0.0,1,0.0,0,0.0,0,0.0,0,0.0,0,0.0,2,655.0,0,150000.0,100.0,4666,Paid in full
738.0,0,150000.0,100.0,2.72,0,16.0,1,0.0,0,0.0,0,0,4.0,3,96609.54,0,18030.22286,0,0.19,0,0.0,0,0.0,0,0.0,0,1.0,0,96609.54,1,738.0,0,150000.0,100.0,5033,Default
548.0,2,35000.0,100.0,15.01,0,3.0,3,0.0,0,0.0,0,0,0.0,2,0.0,1,0.0,1,0.0,1,0.0,0,0.0,0,0.0,0,0.0,0,0.0,2,548.0,2,35000.0,100.0,6916,Default
595.0,1,100000.0,100.0,8.0,0,25.0,3,0.0,0,0.0,0,0,32.75,0,49681.75,0,17387.0,0,0.35,0,0.0,0,0.0,0,0.0,0,0.0,0,49681.75,2,595.0,1,100000.0,100.0,6593,Default
655.0,0,150000.0,100.0,3.65,0,69.0,3,0.0,0,0.0,0,2,146.0,0,198839.3267,0,8777.266667,0,0.04,0,0.0,0,0.0,0,0.0,0,2.0,1,198839.3267,2,655.0,0,150000.0,100.0,4666,Paid in full
578.0,1,100000.0,100.0,3.84,0,79.0,1,0.0,0,0.0,0,0,24.0,0,56071.235,0,4211.975,0,0.08,0,0.0,0,0.0,0,0.0,0,1.0,0,56071.235,1,578.0,1,100000.0,100.0,1981,Paid in full
595.0,1,100000.0,100.0,0.07,3,25.0,1,0.0,0,0.0,0,0,0.0,2,0.0,1,0.0,1,0.0,1,0.0,0,0.0,0,0.0,0,0.0,0,0.0,2,595.0,1,100000.0,100.0,6593,Default
570.0,1,100000.0,33.3,2.19,0,40.61785714285714,1,0.0,0,0.0,0,0,0.0,3,0.0,1,0.0,1,0.0,1,0.0,0,0.0,0,0.0,0,0.0,0,0.0,2,570.0,1,100000.0,33.3,2453,Paid in full
704.0,0,150000.0,100.0,3.11,0,31.0,1,0.0,0,0.0,0,0,9.416666667,2,127843.0833,0,20016.0,0,0.16,0,0.0,0,0.0,0,0.0,0,0.0,0,127843.0833,2,704.0,0,150000.0,100.0,7526,Paid in full
662.0,0,150000.0,100.0,4.04,0,40.61785714285714,1,0.0,0,0.0,0,0,0.0,3,0.0,1,0.0,1,0.0,1,0.0,0,0.0,0,0.0,0,0.0,0,0.0,2,662.0,0,150000.0,100.0,5659,Paid in full
9002.0,4,116301.11524163569,100.0,0.93,2,40.61785714285714,1,0.0,0,0.0,0,0,0.0,3,0.0,1,0.0,1,0.0,1,0.0,0,0.0,0,0.0,0,0.0,0,0.0,2,9002.0,4,115252.91828793775,100.0,3435,Paid off with renewal
612.0,0,150000.0,100.0,16.59,0,5.0,1,0.0,0,0.0,0,0,0.0,3,0.0,1,0.0,1,0.0,1,0.0,0,0.0,0,0.0,0,0.0,0,0.0,2,612.0,0,150000.0,100.0,4782,Default
493.0,3,0.0,100.0,1.66,1,40.61785714285714,3,0.0,0,0.0,0,0,0.0,3,20348.33333,0,1858.666667,0,0.09,0,0.0,0,0.0,0,0.0,0,1.0,0,20348.33333,2,493.0,3,0.0,100.0,2280,Paid in full
666.0,0,150000.0,91.4728624535316,9.005947955390337,0,28.0,3,0.0,0,0.0,0,0,14.5,0,65731.5,0,42818.75,0,0.65,0,0.0,0,0.0,0,0.0,0,2.0,1,65731.5,2,0.0,0,115252.91828793775,0.0,2211,Default
647.0,0,150000.0,100.0,2.8,0,28.0,3,0.0,0,0.0,0,0,30.0,0,47991.75,0,3500.5,0,0.07,0,0.0,0,0.0,0,0.0,0,1.0,0,47991.75,2,647.0,0,150000.0,100.0,5961,Paid off with renewal
508.0,2,35000.0,90.0,4.12,0,40.61785714285714,3,0.0,0,0.0,0,0,0.0,3,233807.5,0,0.0,1,0.0,1,0.0,0,0.0,0,0.0,0,1.0,0,233807.5,2,518.0,2,35000.0,100.0,935,Default
544.0,2,35000.0,100.0,1.5,1,6.0,3,0.0,0,0.0,0,1,30.0,0,16709.25,0,980.25,1,0.06,0,0.0,0,0.0,0,0.0,0,1.0,0,16709.25,2,544.0,2,35000.0,100.0,4165,Default
539.0,2,35000.0,100.0,4.45,0,6.0,3,0.0,0,0.0,0,0,47.66666667,0,30153.0,0,3377.333333,0,0.11,0,0.0,0,0.0,0,0.0,0,0.0,0,30153.0,2,539.0,2,35000.0,100.0,3856,Default
648.8518518518518,0,116301.11524163569,50.0,1.28,1,40.61785714285714,1,0.0,0,0.0,0,2,30.0,0,46934.46,0,2478.52,0,0.05,0,0.0,0,0.0,0,0.0,0,0.0,0,46934.46,2,0.0,0,115252.91828793775,0.0,232,Paid in full
661.0,0,150000.0,100.0,8.1,0,76.0,1,0.0,0,0.0,0,0,0.0,3,0.0,1,0.0,1,0.0,1,0.0,0,0.0,0,0.0,0,0.0,0,0.0,2,661.0,0,150000.0,100.0,2033,Paid off with renewal
551.0,1,100000.0,100.0,4.51,0,5.0,3,0.0,0,0.0,0,3,22.0,0,110104.0,0,3833.333333,0,0.03,0,0.0,0,0.0,0,0.0,0,1.0,0,110104.0,3,551.0,1,100000.0,100.0,429,Paid in full
578.0,1,100000.0,100.0,3.84,0,79.0,3,0.0,0,0.0,0,0,24.0,0,56071.235,0,4211.975,0,0.08,0,0.0,0,0.0,0,0.0,0,1.0,0,56071.235,2,578.0,1,100000.0,100.0,1981,Paid in full
541.0,2,35000.0,100.0,2.91,0,54.0,3,0.0,0,0.0,0,0,0.0,3,0.0,1,0.0,1,0.0,1,0.0,0,0.0,0,0.0,0,0.0,0,0.0,2,541.0,2,35000.0,100.0,3324,Default
650.0,0,150000.0,100.0,2.06,0,3.0,3,0.0,0,0.0,0,2,12.6,0,14824.6,0,1267.4,0,0.09,0,0.0,0,0.0,0,0.0,0,0.0,0,14824.6,2,650.0,0,150000.0,100.0,1369,Paid in full
610.0,0,150000.0,100.0,3.58,0,76.0,1,0.0,0,0.0,0,0,0.0,3,0.0,1,0.0,1,0.0,1,0.0,0,0.0,0,0.0,0,0.0,0,0.0,2,610.0,0,150000.0,100.0,4729,Paid in full
504.0,2,35000.0,100.0,4.22,0,21.0,3,0.0,0,0.0,0,3,28.8,0,66534.6,0,5499.0,0,0.08,0,0.0,0,0.0,0,0.0,0,1.0,0,66534.6,2,504.0,2,35000.0,100.0,750,Default
652.0,0,150000.0,100.0,4.73,0,40.61785714285714,3,0.0,0,0.0,0,0,0.0,3,242265.4914,0,26000.0,0,0.11,0,0.0,0,0.0,0,0.0,0,2.0,1,242265.4914,2,652.0,0,150000.0,100.0,201,Default
564.0,1,100000.0,50.0,1.94,1,8.0,3,0.0,0,0.0,0,0,41.66666667,0,128897.41,0,18260.51333,0,0.14,0,0.0,0,0.0,0,0.0,0,1.0,0,128897.41,2,555.0,1,100000.0,100.0,5581,Paid in full
682.0,0,150000.0,100.0,2.41,0,6.0,3,0.0,0,0.0,0,0,33.66666667,0,68417.77,0,5608.053333,0,0.08,0,0.0,0,0.0,0,0.0,0,1.0,0,68417.77,2,682.0,0,150000.0,100.0,3536,Paid in full
488.0,3,0.0,100.0,5.44,0,4.0,1,0.0,0,0.0,0,0,14.0,0,76942.5,0,6579.0,0,0.09,0,0.0,0,0.0,0,0.0,0,0.0,0,76942.5,2,488.0,3,0.0,100.0,5529,Paid in full
611.0,0,150000.0,100.0,32.18,0,40.61785714285714,3,0.0,0,0.0,0,0,0.0,3,0.0,1,0.0,1,0.0,1,0.0,0,0.0,0,0.0,0,0.0,0,0.0,2,611.0,0,150000.0,100.0,4622,Paid off with renewal
698.0,0,150000.0,100.0,4.94,0,40.61785714285714,1,0.0,0,0.0,0,0,0.0,3,0.0,1,0.0,1,0.0,1,0.0,0,0.0,0,0.0,0,0.0,0,0.0,2,698.0,0,150000.0,100.0,3637,Paid in full
691.0,0,150000.0,100.0,4.36,0,73.0,3,0.0,0,0.0,0,0,87.11111111,0,111706.5556,0,15493.33333,0,0.14,0,0.0,0,0.0,0,0.0,0,1.0,0,111706.5556,2,691.0,0,150000.0,100.0,6407,Paid in full
537.0,2,35000.0,100.0,10.02,0,17.0,3,0.0,0,0.0,0,0,32.6,0,108504.4,0,12460.4,0,0.11,0,0.0,0,0.0,0,0.0,0,3.0,2,108504.4,3,537.0,2,35000.0,100.0,4122,Default
682.0,0,150000.0,50.0,24.11,0,75.0,1,0.0,0,0.0,0,0,0.0,3,0.0,1,0.0,1,0.0,1,0.0,0,0.0,0,0.0,0,0.0,0,0.0,2,686.0,0,150000.0,100.0,3559,Paid in full
561.0,1,100000.0,100.0,16.88,0,40.61785714285714,3,0.0,0,0.0,0,0,39.66666667,0,14164.5,0,6299.133333,0,0.44,0,0.0,0,0.0,0,0.0,0,1.0,0,14164.5,2,561.0,1,100000.0,100.0,4654,Paid in full
650.0,0,150000.0,100.0,10.26,0,27.0,3,0.0,0,0.0,0,0,81.2,0,68463.6,0,2969.4,0,0.04,0,0.0,0,0.0,0,0.0,0,1.0,0,68463.6,2,650.0,0,150000.0,100.0,5871,Paid in full
445.0,3,0.0,100.0,26.95,0,40.61785714285714,1,0.0,0,0.0,0,0,38.75,0,112603.02,0,40234.6875,0,0.36,0,0.0,0,0.0,0,0.0,0,0.0,0,112603.02,2,445.0,3,0.0,100.0,3630,Paid off with renewal
500.0,2,35000.0,100.0,6.98,0,6.0,3,0.0,0,0.0,0,0,23.75,0,103631.675,0,5852.5125,0,0.06,0,0.0,0,0.0,0,0.0,0,1.0,0,103631.675,2,500.0,2,35000.0,100.0,4468,Default
539.0,2,35000.0,100.0,12.92,0,3.0,3,0.0,0,0.0,0,0,40.5,0,35766.0,0,5521.8,0,0.15,0,0.0,0,0.0,0,0.0,0,0.0,0,35766.0,2,539.0,2,35000.0,100.0,3056,Default
692.0,0,150000.0,100.0,41.96,0,19.0,1,0.0,0,0.0,0,0,73.5,0,568173.75,0,64773.25,0,0.11,0,0.0,0,0.0,0,0.0,0,1.0,0,568173.75,1,692.0,0,150000.0,100.0,6485,Default
747.0,0,150000.0,100.0,14.94,0,18.0,3,0.0,0,0.0,0,0,20.0,0,269757.6667,0,30000.0,0,0.11,0,0.0,0,0.0,0,0.0,0,1.0,0,269757.6667,2,747.0,0,150000.0,100.0,5366,Paid in full
590.0,1,100000.0,100.0,1.52,1,6.0,1,0.0,0,0.0,0,0,17.66666667,0,81951.5,0,13550.07667,0,0.17,0,0.0,0,0.0,0,0.0,0,1.0,0,81951.5,2,590.0,1,100000.0,100.0,4410,Paid in full
655.0,0,150000.0,100.0,3.66,0,40.61785714285714,1,0.0,0,0.0,0,0,0.0,3,0.0,1,0.0,1,0.0,1,0.0,0,0.0,0,0.0,0,0.0,0,0.0,2,655.0,0,150000.0,100.0,4666,Paid in full
609.0,0,150000.0,100.0,4.95,0,4.0,3,0.0,0,0.0,0,0,87.66666667,0,113406.495,0,52849.66667,0,0.47,0,0.0,0,0.0,0,0.0,0,1.0,0,113406.495,1,609.0,0,150000.0,100.0,4618,Paid in full
626.0,0,150000.0,100.0,1.13,1,14.0,3,0.0,0,0.0,0,0,55.25,0,43057.3125,0,16057.0,0,0.37,0,0.0,0,0.0,0,0.0,0,1.0,0,43057.3125,2,626.0,0,150000.0,100.0,4514,Default
650.0,0,150000.0,100.0,14.56,0,27.0,3,0.0,0,0.0,0,0,79.5,0,76781.33333,0,4050.333333,0,0.05,0,0.0,0,0.0,0,0.0,0,2.0,1,76781.33333,2,650.0,0,150000.0,100.0,5871,Paid in full
582.0,1,100000.0,100.0,8.72,0,7.0,1,0.0,0,0.0,0,0,36.5,0,23062.485,0,3428.0,0,0.15,0,0.0,0,0.0,0,0.0,0,0.0,0,23062.485,2,582.0,1,100000.0,100.0,4699,Paid in full
606.0,0,150000.0,100.0,2.08,0,6.0,3,0.0,0,0.0,0,0,16.75,0,53039.8175,0,7671.5,0,0.14,0,0.0,0,0.0,0,0.0,0,1.0,0,53039.8175,2,606.0,0,150000.0,100.0,4642,Paid off with renewal
738.0,0,150000.0,100.0,32.54,0,31.0,1,0.0,0,0.0,0,0,7.25,3,218328.75,0,59458.0,0,0.27,0,0.0,0,0.0,0,0.0,0,0.0,0,218328.75,1,738.0,0,150000.0,100.0,3505,Default
600.0,0,150000.0,51.0,4.82,0,40.61785714285714,3,0.0,0,0.0,0,0,0.0,3,58165.0,0,2500.0,0,0.04,0,0.0,0,0.0,0,0.0,0,2.0,1,58165.0,2,623.0,0,150000.0,100.0,4443,Default
705.0,0,150000.0,100.0,8.98,0,93.0,3,0.0,0,0.0,0,0,6.666666667,3,44666.66667,0,3000.0,0,0.07,0,0.0,0,0.0,0,0.0,0,1.0,0,44666.66667,2,705.0,0,150000.0,100.0,4425,Default
652.0,0,150000.0,100.0,5.87,0,16.0,3,0.0,0,0.0,0,2,6.75,3,97929.5,0,10912.25,0,0.11,0,0.0,0,0.0,0,0.0,0,1.0,0,97929.5,2,652.0,0,150000.0,100.0,1103,Paid in full
643.0,0,150000.0,100.0,24.31,0,70.0,3,0.0,0,0.0,0,0,11.25,0,49413.315,0,11267.0725,0,0.23,0,0.0,0,0.0,0,0.0,0,1.0,0,49413.315,2,643.0,0,150000.0,100.0,4099,Paid in full
537.0,2,35000.0,100.0,10.02,0,17.0,3,0.0,0,0.0,0,0,32.6,0,108504.4,0,12460.4,0,0.11,0,0.0,0,0.0,0,0.0,0,2.0,1,108504.4,3,537.0,2,35000.0,100.0,4122,Default
548.0,2,35000.0,100.0,10.97,0,18.0,3,0.0,0,0.0,0,0,22.25,0,84411.35,0,8238.625,0,0.1,0,0.0,0,0.0,0,0.0,0,2.0,1,84411.35,2,548.0,2,35000.0,100.0,4267,Paid in full
672.0,0,150000.0,100.0,2.38,0,37.0,1,0.0,0,0.0,0,0,6.857142857,3,145602.4286,0,39317.0,0,0.27,0,0.0,0,0.0,0,0.0,0,2.0,1,145602.4286,2,672.0,0,150000.0,100.0,5598,Paid off with renewal
609.0,0,150000.0,100.0,4.58,0,40.61785714285714,1,0.0,0,0.0,0,0,0.0,3,0.0,1,0.0,1,0.0,1,0.0,0,0.0,0,0.0,0,0.0,0,0.0,2,609.0,0,150000.0,100.0,4618,Paid in full
534.0,2,35000.0,50.0,2.82,0,3.0,3,0.0,0,0.0,0,0,4.666666667,3,10621.66667,1,680.3333333,1,0.06,0,0.0,0,0.0,0,0.0,0,1.0,0,10621.66667,3,534.0,2,35000.0,50.0,1700,Default
606.0,0,150000.0,100.0,9.42,0,79.0,1,0.0,0,0.0,0,0,66.75,0,54014.945,0,856.61,1,0.02,0,0.0,0,0.0,0,0.0,0,0.0,0,54014.945,2,606.0,0,150000.0,100.0,4615,Default
640.0,0,150000.0,100.0,2.31,0,43.0,3,0.0,0,0.0,0,0,20.0,0,52814.5,0,3780.0,0,0.07,0,0.0,0,0.0,0,0.0,0,1.0,0,52814.5,2,640.0,0,150000.0,100.0,5368,Paid off with renewal
634.0,0,150000.0,100.0,6.8,0,86.0,3,0.0,0,0.0,0,0,1.666666667,3,22445.0,0,0.0,1,0.0,1,0.0,0,0.0,0,0.0,0,1.0,0,22445.0,3,634.0,0,150000.0,100.0,765,Paid off with renewal
549.0,2,35000.0,100.0,8.67,0,23.0,3,0.0,0,0.0,0,0,30.0,0,37771.0,0,8834.25,0,0.23,0,0.0,0,0.0,0,0.0,0,1.0,0,37771.0,2,549.0,2,35000.0,100.0,1694,Default
561.0,1,100000.0,100.0,16.88,0,40.61785714285714,3,0.0,0,0.0,0,0,39.66666667,0,18937.5,0,6299.133333,0,0.33,0,0.0,0,0.0,0,0.0,0,0.0,0,18937.5,2,561.0,1,100000.0,100.0,4654,Paid in full
612.0,0,150000.0,100.0,6.02,0,80.0,3,0.0,0,0.0,0,0,25.0,0,90970.535,0,14522.0,0,0.16,0,0.0,0,0.0,0,0.0,0,2.0,1,90970.535,3,612.0,0,150000.0,100.0,569,Paid in full
624.0,0,150000.0,100.0,0.94,2,40.61785714285714,3,0.0,0,0.0,0,0,27.75,0,13692.5,0,2994.75,0,0.22,0,0.0,0,0.0,0,0.0,0,0.0,0,13692.5,2,624.0,0,150000.0,100.0,4933,Paid off with renewal
508.0,2,35000.0,100.0,2.57,0,40.61785714285714,3,0.0,0,0.0,0,0,39.25,0,46794.395,0,10072.4875,0,0.22,0,0.0,0,0.0,0,0.0,0,0.0,0,46794.395,2,508.0,2,35000.0,100.0,319,Paid in full
663.0,0,150000.0,100.0,1.71,1,85.0,1,0.0,0,0.0,0,0,17.75,0,117634.75,0,10323.5675,0,0.09,0,0.0,0,0.0,0,0.0,0,1.0,0,117634.75,2,663.0,0,150000.0,100.0,2858,Paid in full
716.0,0,150000.0,100.0,5.58,0,6.0,1,0.0,0,0.0,0,0,0.0,3,0.0,1,0.0,1,0.0,1,0.0,0,0.0,0,0.0,0,0.0,0,0.0,2,716.0,0,150000.0,100.0,4765,Paid via discounted payoff
655.0,0,150000.0,100.0,3.64,0,69.0,3,0.0,0,0.0,0,0,0.0,3,0.0,1,0.0,1,0.0,1,0.0,0,0.0,0,0.0,0,0.0,0,0.0,2,655.0,0,150000.0,100.0,4666,Paid in full
655.0,0,150000.0,100.0,3.65,0,69.0,3,0.0,0,0.0,0,2,146.0,0,198839.3267,0,8777.266667,0,0.04,0,0.0,0,0.0,0,0.0,0,1.0,0,198839.3267,2,655.0,0,150000.0,100.0,4666,Paid in full
574.0,1,100000.0,100.0,14.9,0,80.0,1,0.0,0,0.0,0,0,18.0,0,55117.0,0,5851.4,0,0.11,0,0.0,0,0.0,0,0.0,0,2.0,1,55117.0,2,574.0,1,100000.0,100.0,4803,Default
638.0,0,150000.0,100.0,6.94,0,5.0,3,0.0,0,0.0,0,1,9.0,3,10418.33333,1,872.3333333,1,0.08,0,0.0,0,0.0,0,0.0,0,0.0,0,10418.33333,2,638.0,0,150000.0,100.0,3934,Default
667.0,0,150000.0,100.0,8.79,0,71.0,1,0.0,0,0.0,0,0,0.0,3,0.0,1,0.0,1,0.0,1,0.0,0,0.0,0,0.0,0,0.0,0,0.0,2,667.0,0,150000.0,100.0,4638,Paid in full
542.0,2,35000.0,100.0,3.92,0,79.0,1,0.0,0,0.0,0,0,24.5,0,62938.21667,0,4643.833333,0,0.07,0,0.0,0,0.0,0,0.0,0,2.0,1,62938.21667,2,542.0,2,35000.0,100.0,3253,Paid in full
550.0,1,100000.0,100.0,6.35,0,45.0,3,0.0,0,0.0,0,0,0.0,3,0.0,1,0.0,1,0.0,1,0.0,0,0.0,0,0.0,0,0.0,0,0.0,2,550.0,1,100000.0,100.0,3318,Default
648.0,0,150000.0,100.0,12.25,0,9.0,3,0.0,0,0.0,0,0,161.1666667,0,354523.3333,0,5036.333333,0,0.01,0,0.0,0,0.0,0,0.0,0,1.0,0,354523.3333,2,648.0,0,150000.0,100.0,586,Paid in full
652.0,0,150000.0,100.0,12.07,0,87.0,3,0.0,0,0.0,0,0,68.6,0,76208.4,0,7086.2,0,0.09,0,0.0,0,0.0,0,0.0,0,1.0,0,76208.4,2,652.0,0,150000.0,100.0,6367,Paid in full
559.0,1,100000.0,100.0,5.94,0,40.61785714285714,1,0.0,0,0.0,0,0,4.666666667,3,33239.48667,0,6666.666667,0,0.2,0,0.0,0,0.0,0,0.0,0,0.0,0,33239.48667,2,559.0,1,100000.0,100.0,3618,Default
580.0,1,100000.0,100.0,2.28,0,18.0,3,0.0,0,0.0,0,1,69.5,0,62348.64,0,1125.7,0,0.02,0,0.0,0,0.0,0,0.0,0,2.0,1,62348.64,2,580.0,1,100000.0,100.0,5328,Paid in full
548.0,2,35000.0,100.0,10.92,0,18.0,3,0.0,0,0.0,0,0,22.25,0,84411.35,0,8238.625,0,0.1,0,0.0,0,0.0,0,0.0,0,1.0,0,84411.35,2,548.0,2,35000.0,100.0,4267,Paid in full
600.0,0,150000.0,51.0,4.81,0,40.61785714285714,1,0.0,0,0.0,0,0,0.0,3,58886.66667,0,2500.0,0,0.04,0,0.0,0,0.0,0,0.0,0,2.0,1,58886.66667,2,623.0,0,150000.0,100.0,4443,Default
549.0,2,35000.0,100.0,8.67,0,23.0,1,0.0,0,0.0,0,1,30.0,0,37469.66667,0,6512.0,0,0.17,0,0.0,0,0.0,0,0.0,0,1.0,0,37469.66667,2,549.0,2,35000.0,100.0,1694,Default
736.0,0,150000.0,100.0,20.83,0,99.0,3,0.0,0,0.0,0,0,24.0,0,298823.2,0,77588.4,0,0.26,0,0.0,0,0.0,0,0.0,0,3.0,2,298823.2,1,736.0,0,150000.0,100.0,1053,Default
677.0,0,150000.0,100.0,11.51,0,40.61785714285714,1,0.0,0,0.0,0,0,35.75,0,92250.25,0,9163.98,0,0.1,0,0.0,0,0.0,0,0.0,0,1.0,0,92250.25,2,677.0,0,150000.0,100.0,3381,Default
619.0,0,150000.0,100.0,1.36,1,40.61785714285714,1,0.0,0,0.0,0,0,0.0,3,0.0,1,0.0,1,0.0,1,0.0,0,0.0,0,0.0,0,0.0,0,0.0,2,619.0,0,150000.0,100.0,3593,Default
600.0,0,150000.0,51.0,4.91,0,40.61785714285714,3,0.0,0,0.0,0,0,40.0,0,58165.0,0,2500.0,0,0.04,0,0.0,0,0.0,0,0.0,0,1.0,0,58165.0,2,623.0,0,150000.0,100.0,4443,Default
741.0,0,150000.0,100.0,13.28,0,40.61785714285714,1,0.0,0,0.0,0,0,0.0,2,0.0,1,0.0,1,0.0,1,0.0,0,0.0,0,0.0,0,0.0,0,0.0,2,741.0,0,150000.0,100.0,7477,Paid in full
651.0,0,150000.0,100.0,18.35,0,71.0,1,0.0,0,0.0,0,0,41.66666667,0,176728.6667,0,37363.33333,0,0.21,0,0.0,0,0.0,0,0.0,0,1.0,0,176728.6667,2,651.0,0,150000.0,100.0,6976,Paid in full
652.0,0,150000.0,100.0,4.73,0,40.61785714285714,1,0.0,0,0.0,0,3,0.0,3,289466.8586,0,4285.714286,0,0.01,0,0.0,0,0.0,0,0.0,0,2.0,1,289466.8586,2,652.0,0,150000.0,100.0,201,Default
600.0,0,150000.0,0.0,11.11,0,75.0,0,0.0,0,0.0,0,1,81.22222222,0,135836.4444,0,16430.17222,0,0.12,0,0.0,0,0.0,0,0.02214022140221402,0,0.7158671586715867,0,135836.4444,2,647.2808988764045,0,115252.91828793775,95.63257575757575,88,Paid in full
544.0,2,35000.0,100.0,1.5,1,6.0,3,0.0,0,0.0,0,1,30.0,0,16709.25,0,980.25,1,0.06,0,0.0,0,0.0,0,0.0,0,2.0,1,16709.25,2,544.0,2,35000.0,100.0,4165,Default
650.0,0,150000.0,0.0,31.31,0,75.0,3,0.0,0,0.0,0,0,18.5,0,40227.9575,0,2901.625,0,0.07,0,0.0,0,0.0,0,0.0,0,2.0,1,40227.9575,2,647.2808988764045,0,115252.91828793775,95.63257575757575,138,Paid in full
539.0,2,35000.0,100.0,12.92,0,3.0,1,0.0,0,0.0,0,0,0.0,3,0.0,1,0.0,1,0.0,1,0.0,0,0.0,0,0.0,0,0.0,0,0.0,2,539.0,2,35000.0,100.0,3056,Paid off with renewal
634.0,1,100000.0,100.0,35.16,0,40.61785714285714,1,0.0,0,0.0,0,0,0.0,2,0.0,1,0.0,1,0.0,1,0.0,0,0.0,0,0.0,0,0.0,0,0.0,2,634.0,1,100000.0,100.0,8040,Paid off with renewal
519.0,2,35000.0,100.0,11.05,0,22.0,3,0.0,0,0.0,0,2,49.66666667,0,18054.0,0,1418.333333,0,0.08,0,0.0,0,0.0,0,0.0,0,0.0,0,18054.0,2,519.0,2,35000.0,100.0,4713,Paid in full
519.0,2,35000.0,100.0,2.99,0,6.0,1,11.558,3,5583.333333,0,2,21.0,0,48308.0,0,3680.0,0,0.08,0,5583.333333,0,0.963,0,1.0,0,1.0,0,48308.0,2,519.0,2,35000.0,100.0,4604,Paid in full
684.0,0,150000.0,100.0,9.84,0,19.0,3,0.0,0,0.0,0,0,0.0,3,0.0,1,0.0,1,0.0,1,0.0,0,0.0,0,0.0,0,0.0,0,0.0,2,684.0,0,150000.0,100.0,4755,Paid in full
606.0,0,150000.0,100.0,2.08,0,6.0,3,0.0,0,0.0,0,0,16.75,0,53039.8175,0,7671.5,0,0.14,0,0.0,0,0.0,0,0.0,0,2.0,1,53039.8175,2,606.0,0,150000.0,100.0,4642,Paid off with renewal
539.0,2,35000.0,100.0,4.53,0,6.0,3,0.0,0,0.0,0,0,0.0,3,0.0,1,0.0,1,0.0,1,0.0,0,0.0,0,0.0,0,0.0,0,0.0,2,539.0,2,35000.0,100.0,3856,Default
664.0,0,150000.0,100.0,4.38,0,40.61785714285714,1,0.0,0,0.0,0,0,0.0,3,0.0,1,0.0,1,0.0,1,0.0,0,0.0,0,0.0,0,0.0,0,0.0,2,664.0,0,150000.0,100.0,2630,Paid in full
548.0,2,35000.0,100.0,10.92,0,18.0,3,0.0,0,0.0,0,0,22.25,0,84411.35,0,8238.625,0,0.1,0,0.0,0,0.0,0,0.0,0,2.0,1,84411.35,2,548.0,2,35000.0,100.0,4267,Paid in full
716.0,0,150000.0,100.0,5.59,0,6.0,3,0.0,0,0.0,0,0,43.25,0,179114.1175,0,20752.5,0,0.12,0,0.0,0,0.0,0,0.0,0,1.0,0,179114.1175,2,716.0,0,150000.0,100.0,4765,Paid via discounted payoff
610.0,0,150000.0,100.0,3.58,0,76.0,3,0.0,0,0.0,0,0,50.0,0,436135.1933,0,59283.23,0,0.14,0,0.0,0,0.0,0,0.0,0,1.0,0,436135.1933,1,610.0,0,150000.0,100.0,4729,Paid in full
693.0,0,150000.0,100.0,2.75,0,5.0,1,0.0,0,0.0,0,0,0.0,2,0.0,1,0.0,1,0.0,1,0.0,0,0.0,0,0.0,0,0.0,0,0.0,2,693.0,0,150000.0,100.0,8482,Paid off with renewal
600.0,0,150000.0,51.0,4.91,0,40.61785714285714,3,0.0,0,0.0,0,0,40.0,0,58165.0,0,2500.0,0,0.04,0,0.0,0,0.0,0,0.0,0,1.0,0,58165.0,2,623.0,0,150000.0,100.0,4443,Default
658.0,0,150000.0,100.0,20.64,0,99.0,3,0.0,0,0.0,0,0,22.33333333,0,58709.66667,0,2658.333333,0,0.05,0,0.0,0,0.0,0,0.0,0,1.0,0,58709.66667,2,658.0,0,150000.0,100.0,4114,Paid in full
600.0,0,150000.0,51.0,4.81,0,40.61785714285714,3,0.0,0,0.0,0,0,0.0,3,58165.0,0,2500.0,0,0.04,0,0.0,0,0.0,0,0.0,0,1.0,0,58165.0,2,623.0,0,150000.0,100.0,4443,Default
625.0,1,100000.0,50.0,4.71,0,25.0,3,0.0,0,0.0,0,0,44.33333333,0,38554.0,0,3667.333333,0,0.1,0,0.0,0,0.0,0,0.0,0,1.0,0,38554.0,2,613.0,1,100000.0,100.0,7792,Paid off with renewal
652.0,0,150000.0,100.0,4.73,0,40.61785714285714,1,0.0,0,0.0,0,0,0.0,3,473639.0,0,0.0,1,0.0,1,0.0,0,0.0,0,0.0,0,2.0,1,473639.0,2,652.0,0,150000.0,100.0,201,Default
519.0,2,35000.0,100.0,11.05,0,22.0,3,0.0,0,0.0,0,2,49.66666667,0,18054.0,0,1418.333333,0,0.08,0,0.0,0,0.0,0,0.0,0,0.0,0,18054.0,2,519.0,2,35000.0,100.0,4713,Paid in full
664.0,0,150000.0,100.0,4.38,0,6.0,3,0.0,0,0.0,0,0,5.5,3,85741.5,0,26285.5,0,0.31,0,0.0,0,0.0,0,0.0,0,1.0,0,85741.5,2,664.0,0,150000.0,100.0,2630,Paid in full
693.0,0,150000.0,100.0,5.71,0,92.0,3,0.0,0,0.0,0,0,33.25,0,161968.75,0,10575.25,0,0.07,0,0.0,0,0.0,0,0.0,0,2.0,1,161968.75,2,693.0,0,150000.0,100.0,6832,Default
640.0,0,150000.0,100.0,2.3,0,43.0,3,0.0,0,0.0,0,0,20.0,0,52814.5,0,3015.75,0,0.06,0,0.0,0,0.0,0,0.0,0,2.0,1,52814.5,2,640.0,0,150000.0,100.0,5368,Paid off with renewal
629.0,1,100000.0,100.0,39.74,0,40.61785714285714,1,0.0,0,0.0,0,0,0.0,2,0.0,1,0.0,1,0.0,1,0.0,0,0.0,0,0.0,0,0.0,0,0.0,2,629.0,1,100000.0,100.0,8752,Paid off with renewal
655.0,0,150000.0,100.0,3.65,0,69.0,3,0.0,0,0.0,0,2,146.0,0,198839.3267,0,8777.266667,0,0.04,0,0.0,0,0.0,0,0.0,0,2.0,1,198839.3267,2,655.0,0,150000.0,100.0,4666,Paid in full
549.0,2,35000.0,100.0,5.94,0,40.61785714285714,1,0.0,0,0.0,0,0,0.0,3,0.0,1,0.0,1,0.0,1,0.0,0,0.0,0,0.0,0,0.0,0,0.0,2,549.0,2,35000.0,100.0,3666,Paid in full
667.0,0,150000.0,100.0,8.79,0,71.0,1,0.0,0,0.0,0,0,4.75,3,30760.0,0,12656.5,0,0.41,0,0.0,0,0.0,0,0.0,0,0.0,0,30760.0,1,667.0,0,150000.0,100.0,4638,Paid in full
687.0,0,150000.0,100.0,4.26,0,40.61785714285714,3,0.0,0,0.0,0,0,8.666666667,3,111407.6667,0,39669.33333,0,0.36,0,0.0,0,0.0,0,0.0,0,1.0,0,111407.6667,2,687.0,0,150000.0,100.0,2311,Paid in full
764.0,0,150000.0,100.0,1.87,1,38.0,1,0.0,0,0.0,0,0,6.666666667,2,762712.6667,0,5000.0,0,0.01,0,0.0,0,0.0,0,0.0,0,1.0,0,762712.6667,2,764.0,0,150000.0,100.0,7964,Paid off with renewal
652.0,0,150000.0,100.0,4.73,0,40.61785714285714,3,0.0,0,0.0,0,0,0.0,3,455586.92,0,26000.0,0,0.06,0,0.0,0,0.0,0,0.0,0,3.0,2,455586.92,2,652.0,0,150000.0,100.0,201,Default
705.0,0,150000.0,100.0,8.98,0,93.0,3,0.0,0,0.0,0,0,6.666666667,3,44666.66667,0,4000.0,0,0.09,0,0.0,0,0.0,0,0.0,0,1.0,0,44666.66667,2,705.0,0,150000.0,100.0,4425,Default
504.0,2,35000.0,100.0,2.21,0,40.61785714285714,1,0.0,0,0.0,0,0,0.0,3,0.0,1,0.0,1,0.0,1,0.0,0,0.0,0,0.0,0,0.0,0,0.0,2,504.0,2,35000.0,100.0,1237,Paid in full
582.0,1,100000.0,100.0,9.21,0,7.0,1,4.533,1,3500.0,0,0,11.75,1,77215.4975,0,7218.5375,0,0.09,0,3500.0,0,0.378,0,2.0,1,0.0,0,77215.4975,2,582.0,1,100000.0,100.0,5507,Default
600.0,0,150000.0,100.0,20.32,0,42.0,3,0.0,0,0.0,0,0,0.0,3,0.0,1,0.0,1,0.0,1,0.0,0,0.0,0,0.0,0,0.0,0,0.0,2,600.0,0,150000.0,100.0,4532,Paid in full
698.0,0,150000.0,100.0,4.94,0,40.61785714285714,1,0.0,0,0.0,0,0,0.0,3,0.0,1,0.0,1,0.0,1,0.0,0,0.0,0,0.0,0,0.0,0,0.0,2,698.0,0,150000.0,100.0,3637,Paid in full
585.0,1,100000.0,100.0,11.24,0,1.0,3,0.0,0,0.0,0,0,10.0,3,44004.33333,0,36253.33333,0,0.82,0,0.0,0,0.0,0,0.0,0,0.0,0,44004.33333,2,585.0,1,100000.0,100.0,3870,Paid in full
600.0,0,150000.0,100.0,15.16,0,42.0,3,0.0,0,0.0,0,0,34.33333333,0,19089.33333,0,744.6666667,1,0.04,0,0.0,0,0.0,0,0.0,0,0.0,0,19089.33333,2,600.0,0,150000.0,100.0,4532,Paid in full
508.0,2,35000.0,100.0,2.57,0,40.61785714285714,3,0.0,0,0.0,0,0,39.25,0,46794.395,0,10072.4875,0,0.22,0,0.0,0,0.0,0,0.0,0,0.0,0,46794.395,2,508.0,2,35000.0,100.0,319,Paid in full
738.0,0,150000.0,100.0,32.54,0,31.0,3,0.0,0,0.0,0,0,5.8,3,182863.0,0,47566.4,0,0.26,0,0.0,0,0.0,0,0.0,0,1.0,0,182863.0,2,738.0,0,150000.0,100.0,3505,Default
829.0,0,150000.0,100.0,2.13,0,47.0,2,0.0,0,0.0,0,0,46.66666667,0,61366.0,0,9521.666667,0,0.16,0,0.0,0,0.0,0,0.0,0,1.0,0,61366.0,2,829.0,0,150000.0,100.0,7064,Paid in full
519.0,2,35000.0,100.0,11.05,0,22.0,1,0.0,0,0.0,0,0,0.0,3,0.0,1,0.0,1,0.0,1,0.0,0,0.0,0,0.0,0,0.0,0,0.0,2,519.0,2,35000.0,100.0,4713,Paid in full
663.0,0,150000.0,51.0,26.2,0,73.0,3,0.0,0,0.0,0,0,24.0,0,63999.5,0,27500.0,0,0.43,0,0.0,0,0.0,0,0.0,0,1.0,0,63999.5,2,679.0,0,150000.0,100.0,7871,Paid in full
519.0,2,35000.0,100.0,2.97,0,6.0,1,0.0,0,0.0,0,0,0.0,3,0.0,1,0.0,1,0.0,1,0.0,0,0.0,0,0.0,0,0.0,0,0.0,2,519.0,2,35000.0,100.0,4604,Paid in full
590.0,1,100000.0,100.0,0.03,3,6.0,1,0.0,0,0.0,0,0,17.66666667,0,81951.5,0,13550.07667,0,0.17,0,0.0,0,0.0,0,0.0,0,1.0,0,81951.5,2,590.0,1,100000.0,100.0,4410,Paid in full
570.0,1,100000.0,33.3,2.19,0,2.0,3,0.0,0,0.0,0,3,36.33333333,0,34251.33333,0,1031.0,0,0.03,0,0.0,0,0.0,0,0.0,0,1.0,0,34251.33333,2,618.0,0,150000.0,99.9,2453,Paid in full
546.0,2,35000.0,100.0,14.9,0,80.0,1,0.0,0,0.0,0,0,18.0,0,55117.0,0,5851.4,0,0.11,0,0.0,0,0.0,0,0.0,0,2.0,1,55117.0,2,546.0,2,35000.0,100.0,4803,Default
620.0,0,150000.0,0.0,8.13,0,40.61785714285714,1,0.0,0,0.0,0,0,73.25,0,130551.27,0,27761.0,0,0.21,0,0.0,0,0.0,0,0.0,0,2.0,1,130551.27,2,647.2808988764045,0,115252.91828793775,95.63257575757575,153,Paid off with renewal
696.0,0,150000.0,25.0,1.33,1,12.0,3,0.0,0,0.0,0,0,0.0,3,0.0,1,0.0,1,0.0,1,0.0,0,0.0,0,0.0,0,0.0,0,0.0,2,696.0,0,150000.0,25.0,4769,Paid in full
650.0,0,150000.0,100.0,16.48,0,40.61785714285714,1,0.0,0,0.0,0,1,41.0,0,60211.04667,0,7638.523333,0,0.13,0,0.0,0,0.0,0,0.0,0,1.0,0,60211.04667,2,650.0,0,150000.0,95.63257575757575,202,Paid in full
663.0,0,150000.0,100.0,7.1,0,5.0,1,0.0,0,0.0,0,0,0.0,2,0.0,1,0.0,1,0.0,1,0.0,0,0.0,0,0.0,0,0.0,0,0.0,2,663.0,0,150000.0,100.0,7093,Default
635.0,0,150000.0,100.0,3.24,0,45.0,3,0.0,0,0.0,0,0,10.25,3,267331.765,0,6000.0,0,0.02,0,0.0,0,0.0,0,0.0,0,0.0,0,267331.765,1,635.0,0,150000.0,100.0,5428,Paid in full
591.0,1,100000.0,100.0,4.15,0,86.0,3,0.0,0,0.0,0,0,5.4,2,89189.4,0,45522.2,0,0.51,0,0.0,0,0.0,0,0.0,0,0.0,0,89189.4,3,591.0,1,100000.0,100.0,6445,Paid in full
561.0,1,100000.0,50.0,5.88,0,74.0,1,0.0,0,0.0,0,0,64.0,0,23972.0,0,1325.333333,0,0.06,0,0.0,0,0.0,0,0.0,0,1.0,0,23972.0,2,530.0,2,35000.0,100.0,5641,Paid off with renewal
650.0,0,150000.0,100.0,10.25,0,27.0,3,0.0,0,0.0,0,0,81.2,0,68463.6,0,2969.4,0,0.04,0,0.0,0,0.0,0,0.0,0,0.0,0,68463.6,2,650.0,0,150000.0,100.0,5871,Paid in full
718.0,0,150000.0,100.0,26.87,0,40.61785714285714,3,3.951,1,7500.0,0,0,61.75,0,189827.0,0,6774.5,0,0.04,0,0.0,0,0.0,0,0.0,0,0.0,0,189827.0,1,718.0,0,150000.0,100.0,2846,Default
636.0,0,150000.0,100.0,2.28,0,18.0,3,0.0,0,0.0,0,1,64.0,0,66084.0,0,9212.714286,0,0.14,0,0.0,0,0.0,0,0.0,0,2.0,1,66084.0,2,636.0,0,150000.0,100.0,5328,Paid in full
619.0,0,150000.0,100.0,1.36,1,40.61785714285714,3,0.0,0,0.0,0,0,8.333333333,3,23603.33333,0,1760.706667,0,0.07,0,0.0,0,0.0,0,0.0,0,0.0,0,23603.33333,2,619.0,0,150000.0,100.0,3593,Default
718.0,0,150000.0,100.0,28.13,0,40.61785714285714,3,3.951,1,7500.0,0,0,61.75,0,189827.0,0,6774.5,0,0.04,0,0.0,0,0.0,0,0.0,0,1.0,0,189827.0,3,718.0,0,150000.0,100.0,2846,Default
688.0,0,150000.0,100.0,11.94,0,40.61785714285714,1,0.0,0,0.0,0,0,0.0,3,0.0,1,0.0,1,0.0,1,0.0,0,0.0,0,0.0,0,0.0,0,0.0,2,688.0,0,150000.0,100.0,3521,Default
480.0,3,0.0,50.0,0.86,2,7.0,3,0.0,0,0.0,0,3,50.0,0,28825.25,0,252.25,1,0.01,0,0.0,0,0.0,0,0.0,0,2.0,1,28825.25,2,456.0,3,0.0,100.0,3463,Paid in full
600.0,0,150000.0,0.0,11.09,0,2.0,0,0.0,0,0.0,0,2,12.5,0,120347.5,0,5801.75,0,0.05,1,0.0,0,0.0,0,0.02214022140221402,0,0.7158671586715867,0,78128.80721139706,2,647.2808988764045,0,115252.91828793775,95.63257575757575,88,Paid in full
578.0,1,100000.0,100.0,3.84,0,79.0,3,0.0,0,0.0,0,0,24.0,0,56071.235,0,4211.975,0,0.08,0,0.0,0,0.0,0,0.0,0,1.0,0,56071.235,1,578.0,1,100000.0,100.0,1981,Paid in full
508.0,2,35000.0,90.0,4.12,0,40.61785714285714,3,0.0,0,0.0,0,0,0.0,3,233807.5,0,0.0,1,0.0,1,0.0,0,0.0,0,0.0,0,0.0,0,233807.5,2,518.0,2,35000.0,100.0,935,Default
713.0,0,150000.0,100.0,3.08,0,80.0,3,0.0,0,0.0,0,0,34.66666667,0,785371.0,0,127546.85,0,0.16,0,0.0,0,0.0,0,0.0,0,2.0,1,785371.0,3,713.0,0,150000.0,100.0,633,Paid in full
600.0,0,150000.0,51.0,4.81,0,40.61785714285714,1,0.0,0,0.0,0,0,0.0,3,58886.66667,0,2500.0,0,0.04,0,0.0,0,0.0,0,0.0,0,2.0,1,58886.66667,2,623.0,0,150000.0,100.0,4443,Default
645.0,0,150000.0,50.0,2.51,0,55.0,3,0.0,0,0.0,0,1,42.33333333,0,80788.66667,0,10102.0,0,0.13,0,0.0,0,0.0,0,0.0,0,1.0,0,80788.66667,2,548.0,2,35000.0,100.0,1711,Default
585.0,1,100000.0,100.0,11.24,0,1.0,3,0.0,0,0.0,0,0,10.0,3,44004.33333,0,36253.33333,0,0.82,0,0.0,0,0.0,0,0.0,0,0.0,0,44004.33333,3,585.0,1,100000.0,100.0,3870,Paid in full
542.0,2,35000.0,100.0,25.9,0,40.61785714285714,1,0.0,0,0.0,0,0,0.0,3,0.0,1,0.0,1,0.0,1,0.0,0,0.0,0,0.0,0,0.0,0,0.0,2,542.0,2,35000.0,100.0,2724,Paid in full
600.0,0,150000.0,0.0,11.11,0,75.0,0,0.0,0,0.0,0,1,81.22222222,0,135836.4444,0,16430.17222,0,0.12,0,0.0,0,0.0,0,0.0,0,2.0,1,135836.4444,2,647.2808988764045,0,115252.91828793775,95.63257575757575,88,Paid in full
432.0,3,0.0,100.0,3.06,0,13.0,3,0.0,0,0.0,0,0,60.0,0,50542.8,0,14812.8,0,0.29,0,0.0,0,0.0,0,0.0,0,1.0,0,50542.8,2,432.0,3,0.0,100.0,2828,Paid off with renewal
703.0,0,150000.0,100.0,26.58,0,73.0,3,0.0,0,0.0,0,0,12.75,0,107027.25,0,36505.2275,0,0.34,0,0.0,0,0.0,0,0.0,0,1.0,0,107027.25,2,703.0,0,150000.0,100.0,1362,Paid in full
595.0,1,100000.0,100.0,8.0,0,25.0,3,0.0,0,0.0,0,0,32.5,0,45681.75,0,17387.0,0,0.38,0,0.0,0,0.0,0,0.0,0,1.0,0,45681.75,2,595.0,1,100000.0,100.0,6593,Default
691.0,0,150000.0,100.0,3.37,0,40.61785714285714,1,0.0,0,0.0,0,0,0.0,3,0.0,1,0.0,1,0.0,1,0.0,0,0.0,0,0.0,0,0.0,0,0.0,2,691.0,0,150000.0,100.0,6407,Paid in full
650.0,0,150000.0,100.0,10.25,0,27.0,3,0.0,0,0.0,0,0,81.2,0,68463.6,0,2969.4,0,0.04,0,0.0,0,0.0,0,0.0,0,1.0,0,68463.6,2,650.0,0,150000.0,100.0,5871,Paid in full
663.0,0,150000.0,100.0,6.88,0,5.0,3,0.0,0,0.0,0,2,25.5,0,68157.575,0,2320.4825,0,0.03,0,0.0,0,0.0,0,0.0,0,0.0,0,68157.575,2,663.0,0,150000.0,100.0,7093,Default
655.0,0,150000.0,100.0,3.65,0,69.0,3,0.0,0,0.0,0,2,146.0,0,198839.3267,0,8777.266667,0,0.04,0,0.0,0,0.0,0,0.0,0,0.0,0,198839.3267,2,655.0,0,150000.0,100.0,4666,Paid in full
716.0,0,150000.0,100.0,5.58,0,6.0,3,0.0,0,0.0,0,0,0.0,3,0.0,1,0.0,1,0.0,1,0.0,0,0.0,0,0.0,0,0.0,0,0.0,2,716.0,0,150000.0,100.0,4765,Paid in full
639.0,0,150000.0,100.0,12.27,0,5.0,3,0.0,0,0.0,0,0,0.0,3,0.0,1,0.0,1,0.0,1,0.0,0,0.0,0,0.0,0,0.0,0,0.0,2,639.0,0,150000.0,100.0,3822,Paid in full
646.0,0,150000.0,100.0,31.82,0,98.0,3,0.0,0,0.0,0,0,0.0,3,0.0,1,0.0,1,0.0,1,0.0,0,0.0,0,0.0,0,0.0,0,0.0,2,646.0,0,150000.0,100.0,2924,Paid in full
582.0,1,100000.0,100.0,1.11,1,40.61785714285714,3,0.0,0,0.0,0,0,13.25,0,32607.6475,0,1000.0,0,0.03,0,0.0,0,0.0,0,0.0,0,1.0,0,32607.6475,3,582.0,1,100000.0,100.0,3605,Default
539.0,2,35000.0,100.0,4.45,0,6.0,3,0.0,0,0.0,0,0,47.66666667,0,30153.0,0,3377.333333,0,0.11,0,0.0,0,0.0,0,0.0,0,0.0,0,30153.0,2,539.0,2,35000.0,100.0,3856,Default
584.0,1,100000.0,100.0,7.83,0,35.0,3,0.0,0,0.0,0,0,29.2,0,78056.4,0,13122.656,0,0.17,0,0.0,0,0.0,0,0.0,0,2.0,1,78056.4,2,584.0,1,100000.0,100.0,4105,Default
650.0,0,150000.0,100.0,5.54,0,4.0,3,0.0,0,0.0,0,1,18.25,0,29348.0,0,2389.75,0,0.08,0,0.0,0,0.0,0,0.0,0,2.0,1,29348.0,2,650.0,0,150000.0,100.0,2133,Default
595.0,1,100000.0,100.0,1.82,1,6.0,3,0.0,0,0.0,0,1,51.33333333,0,21287.33333,0,3424.0,0,0.16,0,0.0,0,0.0,0,0.0,0,1.0,0,21287.33333,2,595.0,1,100000.0,100.0,3561,Paid in full
